{"cameraMode":{"drawMode":0,"name":"Shaded","section":"Shading Mode"},"sceneLighting":false,"audioPlay":false,"sceneViewState":{"m_AlwaysRefresh":false,"showFog":true,"showSkybox":false,"showFlares":true,"showImageEffects":true,"showParticleSystems":true,"showVisualEffectGraphs":true,"m_FxEnabled":true},"in2DMode":false,"pivot":{"x":3.9892144203186037,"y":0.0626840591430664,"z":0.22759342193603517},"rotation":{"x":0.15152238309383393,"y":0.17252089083194734,"z":-0.02686861716210842,"w":0.9729117155075073},"size":7.071067810058594,"orthographic":false}